features,count,mean,std,min,0.25,0.50,0.75,max
average_speed,9603,5.76,1.22,2.03,4.99,5.74,6.46,12.48
distance,9603,26140.85,29199.25,161.0,7451.3,13702.2,34599.1,436806.0
elapsed_time,9603,5817.39,19632.69,61.0,1645.0,2998.0,7338.5,1806211.0
elev_high,9603,270.73,166.61,-71.2,162.3,229.4,290.5,956.0
elev_low,9603,129.92,47.88,-134.4,103.2,130.2,148.3,809.6
hashed_id,9603,8600846356123502.0,7.744839678632325e+16,2023256.0,3971576.0,6101241.0,6101241.0,7.059310041768955e+17
max_speed,9603,12.22,3.24,2.3,9.7,11.6,14.4,22.0
moving_time,9603,4509.68,4948.21,61.0,1440.0,2415.0,6099.0,90983.0
total_elevation_gain,9603,274.47,410.03,0.0,29.8,87.0,359.45,3896.8
